{"fiducials": [[[612.2684326171883, 60.93343353271569], [665.4835815429699, 62.173667907713785], [663.3616333007807, 114.99999999999935], [611.3482666015618, 115.00000000000075]], [[373.24627685547154, 276.85406494140926], [424.0156555175809, 277.29104614257534], [422.5534973144503, 329.28643798827824], [372.29376220702875, 327.58316040039307]], [[854.2771606445303, 284.7816467285149], [907.112243652343, 285.07180786132886], [906.7958374023445, 337.4262084960945], [852.5702514648444, 335.6844177246087]]], "electrodes": [{"grid": [0, 0], "image": [485.9132163847739, 177.19719069642963]}, {"grid": [0, 8], "image": [480.98021647677257, 412.131311314995]}, {"grid": [9, 8], "image": [748.595461485847, 418.2975611999967]}, {"grid": [9, 0], "image": [754.1450863823486, 179.04706566193022]}]}