{"fiducials": [[[330.3640136718722, 486.8947143554658], [384.36218261718415, 487.1947937011752], [382.40679931640904, 542.2186889648467], [328.607574462894, 541.5820312499966]], [[631.2628784179685, 495.22235107421847], [687.2386474609372, 496.96539306640665], [685.6826171875008, 553.3195190429697], [630.8596801757819, 550.4100341796868]], [[488.2813110351538, 176.7710266113255], [542.2191162109351, 177.81727600097884], [540.573852539065, 232.2597656250026], [486.62869262695546, 231.48571777343523]]], "electrodes": [{"grid": [1, 0], "image": [185.78832522666266, 263.6564418386665]}, {"grid": [1, 5], "image": [180.63123830838822, 429.9546422927763]}, {"grid": [20, 0], "image": [828.0480396402882, 276.2560960570238]}, {"grid": [20, 5], "image": [824.3324960311918, 447.64507085112194]}]}